page_id,page_title,text_id,content,flags,blob_id
910,,51191,"\'\'\'[1982]: Ã‰ditions Belfond, Paris\'\'\'\n\n\'\'La GuÃ©rison par l\'esprit\'\' [Die Heilung durch den Geist: Mesmer - Mary Baker Eddy - Freud]. Translated by Alzir Hella and Juliette Pary. Cover: Illustration by Marc Tarakoff. 381/(2)p. [Librairie GÃ©nÃ©rale FranÃ§aise / Le Livre de Poche, 9524]. Reprinted 1991.\n\n\'\'\'Contents:\'\'\'\n<lst type=bracket start=1>\nIntroduction [Stefan Zweig], pp. 9-(25)\nMesmer, pp. (27)-(126)\nMary Baker-Eddy, pp. (127)-(273)\nSigmund Freud, pp. (275)-(380)\nTable, pp. 381-(382)\n</lst>\n\n\n\'\'\'[2003]: Ã‰ditions Belfond, Paris\'\'\'\n\n\'\'La GuÃ©rison par l\'esprit: Mesmer - Mary Baker-Eddy - Freud\'\' [Die Heilung durch den Geist: Mesmer - Mary Baker Eddy - Freud]. Translated by Alzir Hella  and Juliette Pary. Cover: Illustration by Didier Paquignon. 377/(4)p. [Librairie GÃ©nÃ©rale FranÃ§aise / Le Livre de Poche, 4338]. Initial translation rights: Pierre Belfond, 1982, 1991\n\n\'\'\'Contents:\'\'\'\n<lst type=bracket start=1>\nIntroduction, pp. (7)-22\nMesmer, pp. (23)-123\nMary Baker-Eddy, pp. (125)-269\nSigmund Freud, pp. (271)-377\nTable, pp. (379)-380 \n</lst>\n\n\n\n[[Category:Historical Studies / Volumes (French)]]\n\n{{DEFAULTSORTKEY:GuÃ©rison par lâ€™esprit: Mesmer - Mary Baker-Eddy - Freud}}",utf-8,6
4097,,30193,"#REDIRECT [[\'AbbÅ«d, \'Abduh / Abboud, Abdo]]",utf-8,4
1169,,5224,"[Mary Baker-Eddy] in\n<lst>\n[[Jingshen liaofa: Meisimo\'er, Mali Beike-Aidi, Fuluoyide]] [Beijing 1998]. No. 3, pp. 86-219 [Translated by Wei Wang]\n[[Jingshen liaofa: Meisimo\'er, Mali Beike-Aidi, Fuluoyide]] [Hefei 2000], No. 3, pp. 86-219 [Translated by Xiliang]\n[[Jingshen liaofa: Meisimo\'er, Mali Beike-Aidi, Fuluoyide]] [T\'aipei 2002], No. 3, pp. 107-231 [Translated by Wei Wang]\n</lst>\n\n[[Category:Essays / Individual Essays (Chinese)]]",utf-8,1
2673,,47473,"\'\'\'[1]\'\'\'. \""GedÃ¤chtnis eines Freundes - Leo Feld\""  in \'\'Neue Freie Presse\'\' [Wien], 16 May 1925\n\n\'\'\'Reprinted in:\'\'\'\n<lst type=bracket>\n[[Stefan Zweig. \""Ich habe das BedÃ¼rfnis nach Freunden\"". ErzÃ¤hlungen, Essays und unbekannte Texte]] [2013], No. 25, pp. 471-475\n</lst>\n\n[[Category:Essays / Individual Essays (German)]]",utf-8,6
1671,,8988,"Letter No. 23, Stefan Zweig to Carl Seelig, 11 September 1918 in [[Sull\'orlo dell\'abisso. Diario di guerra in Svizzera]]. Translated and edited with a foreword by Mattia Mantovani. Locarno: Armando DadÃ² Editore, 2009, pp. 211-212. Source: Stefan Zweig. [[Briefe 1914-1919]]. Edited by [[Beck, Knut|Knut Beck]], Jeffrey B. Berlin, and Natascha Weschenbach-Feggeler. Frankfurt am Main: S. Fischer Verlag, 1998, p. 234. Notes, p. 532\n\n[[Category:Correspondence / Individual Letters (Italian)]]",utf-8,1
3065,,19244,#REDIRECT [[Amerigo Vespuchchi * Fernan Magellan]],utf-8,3
585,,43629,"\""Kongju\"" [Angst] in:\n<lst type=bracket start=1>\n\'\'Baihuazhou\'\' [Translated by Liangkang Ni] [Jiangxi], No. 6 [1982], pp. 200-217\n[[Ciweige duanpian xiaoshuo xuan]] [Changsha, 1996], No. 4, pp. 83-127\n[[Ciweige jingdian  xiaoshuo]] [Yanji, 2000], Vol. 2, No. 12, pp. 411-455\n[[Ciweige mÃ¼xing xiaoshuo ji]] [ÃœrÃ¼mqi, 1995], No. 2, pp. 1-48\n[[Ciweige wenji]] [Taiyuan/Xi\'an, 1998], Vol. 1, No. 18, pp. 350-401 \n[[Ciweige xiaoshuo ji]] [Tianjin, 1982], No. 5, pp. 137-188\n[[Ciweige xiaoshuo ji]] [Beijing, 1997], Vol. 2, No. 11, pp. 249-292\n[[Ciweige xiaoshuo jingxuan]] [Beijing, 2003], No. 6, pp. 160-202 \n[[Ciweige xiaoshuo quanji]] [Xi\'an, 1995], Vol. 2, No. 34, pp. 198-246\n[[Ciweige xiaoshuo xuan]] [Beijing, 1982], No. 5, pp. 125-169 \n[[Ciweige xiaoshuo xuan]] [T\'aipei 1998], No. 9, pp. 097-130 \n[[Xiangqi de gushi]] [Beijing, 2000], No. 4, pp. 68-107\n[[Yese menglong]] [Beijing, 2000], No. 9, pp. 285-333\n[[Yige mosheng nÃ¼ren de laixin]] [Nanjing, 1998], No. 12, pp. 334-397\n[[Yige mosheng nÃ¼ren de laixin]] [Beijing, 2003], No. 4, pp. 60-95\n</lst>\n\n\'\'\'See also:\'\'\'  \'\'\'[1]\'\'\'. [[Pa]]\n\n\n[[Category:Fiction / Individual Stories (Chinese)]]",utf-8,5
3708,,27063,"\'\'\'[1979]: Paul Neff Verlag, Wien/Berlin\'\'\'\n\n\""Lushin, Czentovic und Dr. B.: Drei Schachspieler in der Literatur\"" in Joachim A. Frank. \'\'Lob des kÃ¶niglichen Spiels oder Schach-Brevier\'\'. 300/(4)p. Illustrated. General editor and selector of the illustrations Karl Andreas Edlinger. J. A. Frank\'s article, pp. 271-(295). An illustration by Daniel MrÃ³z to \'\'Schachnovelle\'\', p. 216. See: [[GiÅ¼ycki, Jerzy]]\n\n\n\'\'\'Dutch translation\'\'\'\n\n\'\'\'[1980]: Uitgeverij Ad. Donker, Rotterdam\'\'\'\n\n\""Lushin, Czentovic en Dr. B.: Drie schaakmeesters in de litteratur\"" in \'\'Schaakbrevier. De lof van het koninklijk spel. Een kleine geschiedenis van het schaakspel\'\'. 357/(1)p. Illustrated.  Translated into Dutch by JurriÃ«n ten Have. Illustration selector Karl Andreas Edlinger. J. A. Frank\'s article, pp. 329-351\n\n\n[[Category:Secondary Literature / Authors (German)]]",utf-8,4
4841,,34441,"\""FiyÄ«nÄ fÄ« Ê¿uyÅ«n StÄ«fÄn TsfÄygh\"" [Vienna in the Eyes of Stefan Zweig] in \'\'TawÄbil\'\' [Tawabil / Condiments] [Kuwait], Vol. 1, No. 136 [7 November 2007], p. III. \'\'TawÄbil\'\' [Tawabil / Condiments] is a cultural supplement to the Kuwaiti daily \'\'Al-JarÄ«dah\'\' [Aljarida / The Newspaper], Kuwait\n\nPublished online:\n\nhttp://www.aljarida.com/articles/1461289266803588500/\n\nhttp://storage.googleapis.com/jarida-cdn/pdfs/1469349146973391100/1469389164000/file.pdf\n\nThis is a review of the Arabic translation:\n\n\'\'Ê¿Ä€lam al-ams\'\' [Die Welt von Gestern. Erinnerungen eines EuropÃ¤ers]. Translated into Arabic by Ê¿Ä€rif á¸¤udhayfah [Arif Hudaifa]. 343p. Damascus/Beirut/ Baghdad: DÄr al-MadÄ li-l-ThaqÄfah waÊ¾l-Nashr [Al Mada Publishing Company F.K.A.], 2007\n\n[[Category:Secondary Literature / Authors (Arabic)]]\n{{DEFAULTSORTKEY:HujayrÄ«, Muá¸¥ammad}}",utf-8,4
4495,,33737,"\""FÄris YÅ«wÄkÄ«m: InhiyÄr al-Ê¿arab badaÊ¾a fÄ« Ê¾l-sabÊ¿Ä«nÄt maÊ¿a mÄ summiya Â«Ê¿aá¹£r al-infitÄá¸¥Â»: baÊ¿da á¹£udÅ«r tarjamatihÄ« li-kitÄb Â«Ê¿Unf al-diktÄtÅ«riyyahÂ» li-StÄ«fÄn ZfÄygh\"" [Fares Youakim: \""The Decline of the Arabs Started in the Seventies with What Then Was Called the \'Age of Opening Up\', Taking Up the Publication of \'The Violence of Dictatorship\', His Translation of Stefan Zweig\'s Book \'The Right to Heresy: Castellio against Calvin\'\""], in \'\'Al-Sharq al-Awsaá¹­\'\' [The Middle East] [London] No. 12626 [23 June 2013], p. ?. Published by the Al-MajmÅ«Ê¿ah al-SuÊ¿Å«diyyah li-l-Abá¸¥Äth waÊ¾l-TaswÄ«q [Saudi Research and Marketing Group (SRMG)], [Landan] London. Sawsan al-Abá¹­aá¸¥ [Sawsan al Abtah] is the journalist who wrote the article and interviewed FÄris YÅ«wÄkÄ«m [Fares Youakim]. Since most of the article consists of direct quotes from the interviewed Fares Youakim, it seems appropriate to mention Youakim as the second author/second originator of the text\n\nPublished online:\n\nhttp://alturl.com/m39ok\n\n[[Category:Secondary Literature / Authors (Arabic)]]\n{{DEFAULTSORTKEY:Abtah, Sawsan / Faris Yuwakim}}",utf-8,4
2224,,52868,"<lst type=bracket start=1>\n\""Stefan Zweig zum GedÃ¤chtnis\"" in [[Stefan Zweig 1881-1942. Ausstellung in der Residenz in Salzburg 15. Juli bis 31. August 1961]] [Wien, 1961], No. 1, pp. 3-4\n</lst>\n\n[[Category:Secondary Literature / Authors (German)]]",utf-8,7
6940,,52350,"\""FÃ¼r die Maccabi-Association, London Okt. 1937\"" in [[\""Erst wenn die Nacht fÃ¤llt\""]] [Krems an der Donau, 2016], No. 9, pp. 93-94\n\nA 2-page typescript is located in the Literaturarchiv, Salzburg\n\n\'\'\'French version:\'\'\' \""Pour la Maccabi-Association, Londres, octobre 1937\"" in [[Stefan Zweig. L\'Esprit europÃ©en en exil]] [Paris, 2020], No. 30, pp. (255)-256\n\n\n[[Category:Essays / Individual Essays (German)]]",utf-8,7
4754,,59377,"\'\'\'[1970]: Mete Film and Pesen Film, Ä°stanbul\'\'\'\n\n\'\'Merhamet\'\' [A color film drama based on Stefan Zweig\'s novel \""Ungeduld des Herzens\""]\n<lst type=bracket start=1>\nLanguage: Turkish\nDirector: Bilge OlgaÃ§\nProducers: Necdet Erdur and Nevzat Pesen\nScript writer: Bilge OlgaÃ§\nCast: TÃ¼rkan Soray, Demir Karahan, Zeynep TedÃ¼, Avni Dilligil et al.\nCinematographer: Mustafa Yilmaz\nRuntime: Not indicated\nReleased in Turkey in 1970\n</lst>\n\n\n[[Category:Films / Plays / Operas]]",utf-8,7
2762,,15624,"\""Stefan Zweig e o Brasil como um paÃ­s do futuro. 65 anos depois\"" in [[Brasil, um paÃ­s do futuro?]] [2006], No. 1, pp. (7)-10\n\n[[Category:Secondary Literature / Authors (Portuguese)]]",utf-8,2
719,,2483,"[Scharlach] in\n<lst>\n[[Printemps au Prater]] [3], pp. (36)-120 [ Isabelle Hausserâ€™s introduction, pp. (39)-45. Text, pp. (47)-120]\n[[Wondrak. Nouvelles]] [2], pp. (37)-(101)\n</lst>\n\n[[Category:Fiction / Individual Stories (French)]]\n{{DEFAULTSORTKEY:Scarlatine}}",utf-8,1
895,,3240,"Translated by Jaan Kross. 285/(3)p. Tallinn: Eesti Raamat, 1988\n\n\n[[Category:Historical Studies / Volumes (Estonian)]]",utf-8,1
6663,,49181,"\'\'\'[1902]: Schuster & Loeffler Verlag, Berlin/Leipzig\'\'\'\n\n\'\'Gedichte von Paul Verlaine. Eine Anthologie der besten Ãœbertragungen\'\'. Edited with an introductory essay by Stefan Zweig. Portrait of Paul Verlaine by Felix Vallotton. 2nd edition 1907 [Reprinted 1911]. Stefan Zweig introductory essay \""Paul Verlaine\"" [1902], pp. 5-21; \""Vorbemerkung\"" [1907/1911], p. (5)\n\n\'\'\'Translations by Stefan Zweig\'\'\'\n<lst type=bracket start=1>\n\""Behutsam\"" [\""Circonspection\""], [1902], p. 101; [1907/1911], p. 89\n\""Einst war ich glÃ¤ubig...\"" [\""Je fus mystique et je ne le suis plus...\""], [1902], p. 120; [1907/1911], p. 108\n\""IntÃ©rieur\"" [\""IntÃ©rieur\""], [1907/1911], p. 85\n\""Mondschein\"" [\""Clair de lune\""], [1907/1911], p. 25\n\""Regen\"" [\""Il pleure dans mon coeur...\""], [1907/1911], p. 43\n\""Die Unverdorbenen\"" [\""Les IngÃ©nus\""], [1902], p. 46; [1907/1911], p. 29\n</lst>\n\n\n\n\n[[Category:Translations by Zweig]]",utf-8,6
4373,,31533,#REDIRECT [[Schack * AmoklÃ¶paren. TvÃ¥ berÃ¤ttelser]],utf-8,4
6228,,43996,"\""Aus Rauch und Raum\"". \'\'\'See:\'\'\' [[Bernus, Alexander von]]\n\n\n[[Category:Essays / Individual Essays (German)]]",utf-8,5
986,,3780,#REDIRECT [[Jiushufan Mende\'er]],utf-8,1
4940,,35177,"\'\'\'[1930]: Editorial Proa, Badalona\'\'\'\n\n\'\'Tolstoi\'\' [Tolstoi]. Translated by Alfred Gallard. 263 p. See: [[Drei Dichter ihres Lebens]]\n\n\n\n[[Category:Historical Studies / Volumes (Catalan)]]",utf-8,4
6377,,46097,"\""Kehlmann Ã¼ber \""Die Welt von Gestern\"" in New York. PlÃ¶tzlich sprechen in den USA alle von Stefan Zweigs Buch Ã¼ber Europas verlorene Friedensepoche vor 1914. Was sagt das Ã¼ber die Welt von heute aus?\"" in \'\'Die Presse\'\' [New York], 24 March 2019\n\n\n[[Category:Secondary Literature / Authors (German)]]",utf-8,5
6001,,61296,"\""Ruaja dehe peizazhi\"" [Die Frau und die Landschaft] in:\n<lst type=bracket start=1>\n[[Novela]] [TiranÃ«/Tirana, 2014], Vol. 1, No. 11, pp. ??\n</lst>\n\n\n[[Category:Fiction / Individual Stories (Albanian)]]",utf-8,8
1156,,4860,"[1936 handgeschriebene autobiographische Skizze von Zweig] in\n<lst>\n[[Ciweige xiaoshuo quanji]] [Xi\'an 1995], Vol. 3, No. 50, pp. 667-668 [Translated by Zhongfu Gao]\n[[Ciweige wenji]] [Taiyuan/Xi\'an 1998], Vol. 7, No. 4, pp. 440-441 [Translated by Zhongfu Gao]\n[[Xiangqi de gushi]] [Beijing 2000/1], No. 14, p. 433 [Translated by Zhongfu Gao]\n</lst>\n\n[[Category:Essays / Individual Essays (Chinese)]]",utf-8,1
6872,,51390,"\""Stefan Zweig et le cinÃ©ma\"" in [[Paroles d\'un EuropÃ©en]] [Toulouse/Paris, 2018], No. VI, p. 55\n\n\n[[Category:Secondary Literature / Titles (French)]]",utf-8,6
5219,,36852,"#REDIRECT [[Scott, Anthony Oliver]]",utf-8,5
3515,,25086,"#REDIRECT [[Stefan Zweig. Romans et nouvelles / Romans, nouvelles et thÃ©Ã¢tre / Essais]]",utf-8,4
4084,,29751,#REDIRECT [[RisÄlah min imra\'ah majhÅ«lah]],utf-8,4
1931,,17388,#REDIRECT [[Sobranie sochinenii Stefana Tsveiga v vos\'mi tomakh]],utf-8,2
1177,,43416,"\'\'\'[2000]: Lijiang Chubanshe, Guilin\'\'\'\n\n\'\'Renwen zhi guang: Tuo\'ersitai, Yilasimo\'\' [Das Licht des Humanismus: Tolstoi, Erasmus]. Translated by Yunqing Wei and Qiuming Yu. 253p.\n\n\'\'\'Contents:\'\'\'  \n<lst type=bracket start=1>\nTuo\'ersitai [Tolstoi], pp. 5-140\nYilasimo [Triumph und Tragik des Erasmus von Rotterdam], pp. 142-253\n</lst>\n\n\'\'\'See also:\'\'\'  \'\'\'[1]\'\'\'.[[Ciweige zhuanji jinghua]] [Guilin, 2000], Vol. 4.  \'\'\'[2]\'\'\'. [[Yilasimo]]\n\n\n[[Category:Historical Studies / Volumes (Chinese)]]\n[[Category:Historical Studies / Individual Essays (Chinese)]]\n[[Category:Essays / Individual Essays (Chinese)]]",utf-8,5
4559,,32581,#REDIRECT [[NÄmah-yi yik zan-i nÄshinÄs]],utf-8,4
6838,,50784,"#REDIRECT [[HÃ¶lderlin, Friedrich / French]]",utf-8,6
4833,,40812,"\'\'\'[2010]: Argeta-LMG, TiranÃ« [Tirana]\'\'\'\n\n\'\'Shandani i varrosur : njÃ« legjendÃ«\'\'  [Der begrabene Leuchter]. Translated by Elda Gjana-BoriÃ§i. Edited by Afrim KoÃ§i. 147p.\n\n[[Category:Fiction / Individual Stories (Albanian)]]\n[[Category:Fiction / Volumes (Albanian)]]",utf-8,5
5748,,40573,"\""Despedida de John Drinkwater\"" [Abschied von John Drinkwater] in:\n<lst type=bracket start=1>\n[[Hombres, libros y ciudades]] [Barcelona, 1963], No.  15, pp. (135)-137 [Translated by the Editorial Juventud]\n[[Prohombres del espÃ­ritu]] [Buenos Aires, 1940], No. 13, pp. 187-190 [Translated by Alfredo Cahn]\n</lst>\n\n\'\'\'See:\'\'\'  [[Begegnungen mit Menschen, BÃ¼chern, StÃ¤dten]] [Wien/Leipzig/ZÃ¼rich, 1937], No. 14, pp. (146)-153\n\n\n\n\n[[Category:Essays / Individual Essays (Spanish)]]",utf-8,5
5615,,54791,"\""La trÃ¡gica vida de Marcel Proust\"" [Marcel Prousts tragischer Lebenslauf] in:\n<lst type=bracket start=1>\n[[Obras completas de Stefan Zweig]] [Barcelona, 1952-1978], Vol. 4 [Tiempo y mundo] [1952], No. 62, pp. (861)-868 [Translated by TristÃ¡n La Rosa]\n[[Obras de Stefan Zweig]] [Barcelona/Madrid, 1958], Vol. 2, No. 28, pp. 834-841 [Translated by TristÃ¡n La Rosa]\n[[Tiempo y mundo]] [Barcelona/Madrid, 1958], No. 28, pp. 834-841 [Translated by TristÃ¡n La Rosa]\n[[Tiempo y mundo]] [Barcelona, 1959], No. 2, pp. (15)-21 [Translated by the Editorial Juventud]\n[[Tiempo y mundo]] [Barcelona, 1998], No. 2, pp. 18-26 [Translated by JosÃ© FernÃ¡ndez]\n</lst>\n\n\'\'\'See:\'\'\'  [[Proust, Marcel / Marcel Prousts tragischer Lebenslauf]]\n\n[[Category:Essays / Individual Essays (Spanish)]]\n{{DEFAULTSORTKEY:TrÃ¡gica vida de Marcel Proust}}",utf-8,7
1845,,31719,"\'\'\'[1955]: IzdavaÄko preduzeÄ‡e \""Veselin MasleÅ¡a\"", Sarajevo\'\'\'\n\n\n\'\'Graditelji svijeta: Balzak - Dikens - Dostojevski\'\'  [Baumeister der Welt. Drei Meister: Balzac - Dickens - Dostojewski]. Translated into Bosnian / Serbo-Croatian by Isak Samokovlija and Miodrag PetroviÄ‡. 156p. \n\n\'\'\'Contents:\'\'\'\n<lst type=bracket start=1>\nPredgovor [Stefan Zweig], pp. (5)-7\nBalzak, pp. (9)-37\nDikens, pp. (39)-65\nDostojevski, pp. (67)-156\n</lst>\n\n\n[[Category:Historical Studies / Volumes (Bosnian)]]\n[[Category:Historical Studies / Volumes (Serbo-Croatian)]]",utf-8,4
2186,,9411,#REDIRECT [[Stefan Zweig heute]],utf-8,1
3891,,28258,"\""Was Leser lesen\"" in \'\'OberÃ¶sterreichische Nachrichten\'\' [Linz], 18 August 1988\n\n\n[[Category:Secondary Literature / Authors (German)]]",utf-8,4
2075,,8412,"[Exhibition in Sibenik, Croatia] in \'\'Frankfurter Rundschau\'\' [Frankfurt am Main], 11 July 1996 [No. 166], Feuilleton, p. 7\n\n[[Category:Secondary Literature / Titles (German)]]",utf-8,1
4475,,59050,\n[[Category:Films / Plays / Operas]],utf-8,7
4524,,32485,"\'\'\'[1984]: KitÄb-i TihrÄn, TihrÄn [Tehran]\'\'\'\n\n\'\'IrÄsmÅ«s-i RÅ«tirdÄmÄ« va rÅ«zgÄrash\'\' [Triumph und Tragik des Erasmus von Rotterdam]. Translated by FarÄmarz TabrÄ«zÄ« from Eden and Cedar Paul\'s English intermediate translation \""Erasmus\"" [Souvenir Press, London 1979]. 1st edition. Number of copies printed: 3000, 168p. [ZindagÄ«nÄmah (Biographies)]\n\n[[Category:Historical Studies / Volumes (Persian)]]",utf-8,4
1373,,5558,"[Der VerfÃ¼hrer] in [[Yin xian ji. Zaonian de huahuan. Xin de lÃ¼cheng]] [Beijing 2000], No. 90, pp. 134-140 [Translated by Yan Zhu]\n\n[[Category:Poetry / Individual Poems (Chinese)]]",utf-8,1
6689,,49502,"\'\'\'[1974]: Doubleday, Garden City, NY\'\'\'\n\n\'\'The President is calling\'\'. xxiii/598p.  Comment on Stefan Zweig\'s \'\'Erasmus of Rotterdam\'\', p. 489\n\n\n[[Category:Secondary Literature / Authors (English)]]",utf-8,6
4519,,32444,#REDIRECT [[MÄrÄ« IstuvÄrt]],utf-8,4
2164,,9309,"#REDIRECT [[JÃ³nsson, HalldÃ³r J. and IngÃ³lfur PÃ¡lmason]]",utf-8,1
1830,,6962,"\""Stefan  Zweigs  Verwirrung  der GefÃ¼hle und die Entwirrung konstruierter GeschlechterverhÃ¤ltnisse\"" in Der Mensch als Konstrukt. Festschrift  fÃ¼r  Rudolf  Drux zum  60. Geburtstag. Edited by Rolf FÃ¼llmann et al. 393p. Illustrated. Bielefeld: Aisthesis Verlag, 2008, pp. (181)-195\n\n[[Category:Secondary Literature / Authors (German)]]",utf-8,1
7277,,57881,"\""Rosenknospen\"" in \'\'Deutsche Dichtung\'\' [Berlin], 25 [December 1898], p. 123\n\n\'\'\'Reprinted in:\'\'\'\n<lst type=bracket start=1>\n[[\""Was wir wollen!\"" Gedichte und Nachdichtungen]] [Krems an der Donau, 2019], No. 5, p. 16\n</lst>\n\n\n[[Category:Poetry / Individual Poems (German)]]",utf-8,7
2348,,10607,#REDIRECT [[Verhaeren / Das Drama Verhaerens]],utf-8,1
6609,,48647,"#REDIRECT [[Le Rider, J(acques)]]",utf-8,6
4922,,35059,"\""MÄjillÄn.. qÄhir al-biá¸¥Är : qaraÊ¾tu hÄdhihÄ« al-maÊ¿lÅ«mÄt fa-aá¸¥babtu an nastafÄ«da minhÄ maÊ¿an : tafaá¸á¸alÅ« mashkÅ«rÄ«n [Magellan, Conqueror of the Seas: I Had Read These Facts, So I Wanted Them to Benefit All of Us. Please, with Thanks!] in \'\'Al-ManÄ waÊ¾l-arab\'\' [Destiny and Desire], [s.l.] 1 November 2009\n\n\'\'Al-ManÄ waÊ¾l-arab\'\' [Destiny and Desire]\"" is an Arabic webforum\n\nPublished online:\n\nhttp://www.arabna312.com/vb/showthread.php?t=404\n\nThis is a review of \'\'Magellan. Der Mann und seine Tat\'\' based on one of the several editions of á¸¤abÄ«b JÄmÄtÄ«\'s Arabic translation of this volume\n\n\n\n\n[[Category:Secondary Literature / Authors (Arabic)]]",utf-8,4
4002,,28957,#REDIRECT [[Verehrter lieber Emil Hirsch!]],utf-8,4
5509,,38441,#REDIRECT [[NeÄekanÃ© seznÃ¡ menÃ­ s jednÃ­m Å™emeslem]],utf-8,5
5280,,37261,"\'\'\'[2009]: Fan Noli, TiranÃ« [Tirana]\'\'\'\n\n\'\'NiÃ§e\'\'  [Friedrich Nietzsche]. Translated by Vullnet MuÃ§o. Edited by Rexhep Hida. 115p. See: [[Der Kampf mit dem DÃ¤mon: HÃ¶lderlin - Kleist - Nietzsche]]  [1925], No. 4, pp. (231)-(322)\n\n\n\n[[Category:Historical Studies / Volumes (Albanian)]]",utf-8,5
5766,,40503,"\""El corazÃ³n de Europa. Visita a la Cruz Roja de Ginebra\"" [Das Herz Europas. Ein Besuch im Genfer Roten Kreuz] in:\n<lst type=bracket start=1> \n[[Hombres, libros y ciudades]] [Barcelona, 1963], No. 21, pp. (179)-190 [Translated by the Editorial Juventud]. Here entitled: \""El corazÃ³n de Europa. Visita a la Cruz Roja de Ginebra\""\n[[El mundo insomne]] [Buenos Aires, 1940], No. 6, pp. (60)-74 [Translated by Sigfrido Krebs]. Here entitled: \""El corazÃ³n de Europa. Visita a la sede de la Cruz Roja en Ginebra\""\n</lst>\n\n\'\'\'See:\'\'\' [[Begegnungen mit Menschen, BÃ¼chern, StÃ¤dten]] [Wien/Leipzig/ZÃ¼rich, 1937], No. 21, pp. 203-217 \n\n\n[[Category:Essays / Individual Essays (Spanish)]]\n{{DEFAULTSORTKEY:CorazÃ³n de Europa}}",utf-8,5
1920,,7491,#REDIRECT [[Izbrannoe]],utf-8,1
1300,,5472,"[Matkowskys Othello. Geschrieben bei der Nachricht seines Todes, 1909] in [[Yin xian ji. Zaonian de huahuan. Xin de lÃ¼cheng]] [Beijing 2000], No. 119, pp. 210-212 [Translated by Yan Zhu]\n\n[[Category:Poetry / Individual Poems (Chinese)]]",utf-8,1
1251,,5417,"[Gefangen] in [[Yin xian ji. Zaonian de huahuan. Xin de lÃ¼cheng]] [Beijing 2000], No. 46, p. 58 [Translated by Yan Zhu]\n\n[[Category:Poetry / Individual Poems (Chinese)]]",utf-8,1
4468,,32057,"\'\'\'[2016]: TÃ¼rkiye Ä°ÅŸ BankasÄ± KÃ¼ltÃ¼r YayÄ±nlarÄ±, Ä°stanbul\'\'\'\n\n\'\'OlaÄŸanÃ¼stÃ¼ bir gece\'\' [Phantastische Nacht]. Translated by Ä°lknur Ä°gan. 69p. [TÃ¼rkiye Ä°ÅŸ BankasÄ± KÃ¼ltÃ¼r YayÄ±nlarÄ±. Modern klasikler dizisi, 66]\n\n\n\n[[Category:Fiction / Volumes (Turkish)]]",utf-8,4
3639,,26215,"#REDIRECT [[GuÃ°nason, ÃžÃ³rarinn]]",utf-8,4
6631,,48771,#REDIRECT [[Vier Jahre spÃ¤ter]],utf-8,6
6455,,47245,"\'\'\'Norwegian/Nynorsk\'\'\'\n\n\""MÃ¥neskinssmauet\"" [Die Mondscheingasse] in [[Sjakknovelle og andre tekstar]] [Leikanger, 2019], No. 1, pp. 9-34\n\n\n[[Category:Fiction / Individual Stories (Norwegian)]]",utf-8,6
4672,,34967,"\'\'\'[1933]: Universal Pictures, Universal City, CA\'\'\'\n\n\'\'Only Yesterday\'\' [A black and white film drama based on Stefan Zweig\'s novella \""Brief einer Unbekannten\""]\n<lst type=bracket start=1>\nLanguage: English\nDirector: John M. Stahl\nProducer: Carl Laemmle Jr.\nFilm editor: Milton Carruth\nScript writers: William Hurlbut, George O\'Neil, and Arthur Richman\nCast: Margaret Sullavan, John Boles, Edna May Oliver, Billie Burke et al.\nCinematographer: Merritt B. Gerstad\nRuntime: 1 hour and 45 minutes\nReleased in the United States on 1 November 1933\n</lst>\n\n\'\'\'Review:\'\'\'\n\nBrody, Richard. \""The Spirit of the Women\'-Rights Movement in a 1933 Film\"" in \'\'The New Yorker\'\' [New York], 1 January 2018. See: https://www.newyorker.com/magazine/2018/01/01/the-spirit-of-the-womens-rights-movement-in-a-1933-film\n\n\n[[Category:Films / Plays / Operas]]",utf-8,4
3090,,19417,"\'\'Joseph Roth. Drei Sensationen und zwei Katastrophen. Feuilletons zur Welt des Kinos\'\'. Edited with annotations by Helmut Peschina and Rainer-Joachim Siegel. 398/(2)p. Dust jacket by Susanne Gerhards, DÃ¼sseldorf. GÃ¶ttingen: Wallstein Verlag, 2014. Zweig references, pp. 342, 378, 380, 381, 382, 383, 388, 394\n\n\n[[Category:Secondary Literature / Authors (German)]]",utf-8,3
7076,,53463,#REDIRECT [[Wondrak]],utf-8,7
1574,,37203,"\'\'\'[2006]: ShtÃ«pia Botuese â€œFan Noliâ€, TiranÃ«  [Tirana]\'\'\'\n\n\'\'Tre poetÃ« tÃ« jetÃ« sÃ« vet : Kazanova, Tolstoi, Stendal\'\' [Drei Dichter ihres Leben: Casanova * Stendhal * Tolstoi]. Translated by Luiza Prifti and Edit Dibra. Edited by Rexhep Hida. 373/(3)p. \n\n\'\'\'Contents:\'\'\'\n<lst type=bracket start=1>\nStendal, pp. (3)-112 [Translated by Luiza Prifti]\nKazanova, pp. (113)-220 [Translated by Edit Dibra]\nTolstoi, pp.(221)-373 [Translated by Edit Dibra]\n</lst>\n\n[[Category:Historical Studies / Volumes (Albanian)]]",utf-8,5
5687,,39395,#REDIRECT [[Los milagros de la vida]],utf-8,5
3129,,20416,#REDIRECT [[Amerigo. Il racconto di un errore storico]],utf-8,3
3686,,26577,#REDIRECT [[MiÅ›haá¸³ ha-melakhim]],utf-8,4
763,,14967,"\'\'Vingt-quatre heures de la vie d\'une femme\'\' (Stefan Zweig) * \'\'La Parure\'\' [Guy de Maupassant). Translated by Olivier Bournac and Alzir Hella. Revised by Brigitte Vergne-Cain and GÃ©rard Rudent. Cover Auguste Rodin: â€œSaint Jean Baptisteâ€ (detail) and Jules Scalbert: â€œLe Nouveau Collierâ€ (detail). 173/(1)p. Paris: Librairie Antoine, 1998 [Collection Didac Cycle secondaire. 1re annÃ©e]\n\n\'\'\'Contents\'\'\'\n<lst>\nVingt-quatre heures de la vie dâ€™une femme [Vierundzwanzig Stunden aus dem Leben einer Frau], pp. (3)-129\nLa Parure, pp. (130)-150\nPour connaÃ®tre Stefan Zweig et comprendre sa nouvelle, pp. 151-162\nPour connaÃ®tre Maupassant et comprendre sa nouvelle, pp. 163-172\n</lst>\n\n[[Category:Fiction / Volumes (French)]]\n{{DEFAULTSORTKEY:Vingt-quatre heures de la vie d\'une femme Stefan Zweig * La Parure (Guy de Maupassant) * Deux oeuvres intÃ©grales}}",utf-8,2
4866,,34577,"\""Al-DiktÄrÅ«riyyah : aw al-intiqÄl naá¸¥wa Ê¾l-majhÅ«l : dirÄsah waá¹£fiyyah taá¸¥lÄ«liyyah li-khaá¹£ÄÊ¾iá¹£ al-diktÄtÅ«riyyÄt wa-kayfiyyat muwÄjahatihÄ\"" [Dictatorship or: The Transition towards the Unknown. Descriptive-Analytical Study of the Characteristics of Dictatorships and the Way to Confront Them] in \'\'African Journal of Political Science (AJPS) / Revue africaine de science politique / Al-Majallah al-afrÄ«qiyyah li-l-Ê¿ulÅ«m al-siyÄsiyyah\'\' [Pretoria / Cairo?], Vol. 20?, No. 1? [28 July 2015], pp. ??.\n\nPublished online:\n\nhttp://www.maspolitiques.com/ar/index.php/ar/flexicontact/2017-02-06-17-54-23/741-dirasssss\n\nIn a general critique of dictatorship, the Algerian political scientist MÄ«lÅ«d Walad al-á¹¢iddÄ«q [Miloud Ould Seddik] calls Stefan Zweig\'s \'\'Castellio gegen Calvin oder Ein Gewissen gegen die Gewalt\'\' one of the most impressive artistic treatments of the subject, relying thereby on the judgment the British-Iraqi journalist FÄá¸il al-Sulá¹­ÄnÄ« [Fadhil Assultani] gave in his review of the Arabic translation thereof \n\nSee: <http://zweig.fredonia.edu/index.php?title=Al-Sul%E1%B9%AD%C4%81n%C4%AB%2C_F%C4%81%E1%B8%8Dil_/_Assultani%2C_Fadhil>\n\n\n\n[[Category:Secondary Literature / Authors (Arabic)]]",utf-8,4
3594,,25923,"#REDIRECT [[D\'Annunzio, Gabriele]]",utf-8,4
4395,,56400,"\'\'\'[1938]: Editora Guanabara, Rio de Janeiros\'\'\'\n\n\'\'Os construtores do mundo: Balzac - Dickens - Dostoievsky - HÃ¶lderlin - Kleist -Nietzsche\'\' [Baumeister der Welt: Versuch einer Typologie des Geistes]. Translated by Heitor Moniz, Faustino Nascimento, Aurelia Pinheiro. 472p.  Reprinted: 377p. 1942\n\n\n\'\'\'[1938]: Livraria CivilizaÃ§Ã£o, Porto\'\'\'\n\n\'\'Os construtores do mundo. TrÃ©s mestres: Balzac, Dickens e Dostoievsky\'\' [Baumeister der Welt: Versuch einer Typologie des Geistes. Vol. 1: Drei Meister: Balzac - Dickens - Dostojewski]. Translated by Alice Ogando. 233/(4)p. \n\n\n\'\'\'[1953]: Editora Delta, Rio de Janeiro\'\'\'\n\n\'\'Os construtores do mundo: Balzac - Dickens - Dostoievsky - HÃ¶lderlin - Kleist -Nietzsche\'\' [Baumeister der Welt: Versuch einer Typologie des Geistes]. Translated by Heitor Moniz, Faustino Nascimento, Aurelia Pinheiro. 365p.\n\n\n\'\'\'[1960]: Editora Delta, Rio de Janeiro\'\'\' [Reprinted 1963]\n\n\""Os construtores do mundo\"" [Baumeister der Welt: Versuch einer Typologie des Geistes. Translated by Heitor Moniz, Faustino Nascimento, Aurelia Pinheiro] in [[Obras completas de Stefan Zweig, 1960]] [1960], Vol. 6, pp. 321-601\n\n\n\n\n\n[[Category:Historical Studies / Volumes (Portuguese)]]\n{{DEFAULTSORTKEY:Construtores do mundo}}",utf-8,7
4112,,30113,"\'\'\'[1933]: Jespersen & Pio Forlag, KÃ¸benhavn\'\'\'\n\n\'\'Marie Antoinette. Et gennemsnitsmenneskes portraet\'\' [Marie Antoinette. Bildnis eines mittleren Charakters]. Translated by Kristine Jespersen. 480/(1)p. Illustrated\n\nSubsequent editions:\n\n446/(1). Illustrated. 1951. Reprinted 1952, 1953, 1955\n\n432/(1)p. Illustrated. 1961. Reprinted 1966, 1973\n\n\n\'\'\'[1969]: Det Bedstes, KÃ¸benhavn\'\'\'\n\n\""Marie Antoinette\"" [A condensation of the volume. Translated by Kristine Jespersen] in \'\'Det bedstes bÃ¸ger\'\'. Vol. 41, pp. 6-185\n\n\n[[Category:Historical Studies / Volumes (Danish)]]",utf-8,4
5517,,38500,"\""Sommernovellette\"" [Sommernnovellette] in [[FÃ¸lelsernes vildveje]] [Aalborg 1949], No. 1, pp. ??\n\n\n[[Category:Fiction / Individual Stories (Danish)]]",utf-8,5
1057,,43139,"\""Fuluoyide de xinzuo: \'Wenhuazhong de buman\'\"" [Freuds neues Werk: \'Das Unbehagen in der Kultur\'] in:\n<lst type=bracket start=1>\n[[Ciweige sanwen jingxuan]] [Beijing, 1997], No. 28, pp. 256-260\n[[Ciweige wenji]] [Taiyuan/Xi\'an, 1998], Vol. 6, No. 10, pp. 80-84\n</lst>\n\n[[Category:Essays / Individual Essays (Chinese)]]",utf-8,5
3269,,22276,"#REDIRECT [[Pirandello, Luigi]]",utf-8,3
367,,42787,"\'\'\'[2002]: Beijing Daxue Chubanshe, Beijing\'\'\' \n\n\'\'Der Brief einer Unbekannten / Yige mosheng nÃ¼ren de laixin // Geschichte in der DÃ¤mmerung / Yese menglong\'\'. A bilingual edition: German/Chinese. Selected and edited with forewords and summaries of the two stories by Yi Zhang. Translated by Yushu Zhang. 6/186p. [Series: Deyu guojia wenxue mingbian zhongshy. Dehan duizhao / Famous Works of Literature from German-speaking Countries. Bilingual Texts. Rights manager, Beijing University Press]\n\n\'\'\'Contents:\'\'\'\n<lst type=bracket start=1>\nChuban shuoming [Yi Zhang. Editorial comments concerning this series], p. 1\nZuozhe jieshao [Yi Zhang. Zweig and  his Works], pp. 2-4\nDao du [Yi Zhang. Summaries of the two stories], pp. 5-6\nDer Brief einer Unbekannten, pp. 1-55\nYige mosheng nÃ¼ren de laixin, pp. 56-103\nGeschichte in der DÃ¤mmerung, pp. 104-146\nYese menglong, pp. 147-186\n</lst>\n\n\n\'\'\'See:\'\'\' [1]. [[Yifeng mosheng nÃ¼zi de laixin]]; [2]. [[Yige mosheng nÃ¼ren de laixin]]; [3]. [[Yige mosheng nÃ¼zi de laixin]]; [4]. [[Yige mosheng nuxing de laixin]]; [5]. [[Yiwei mosheng nÃ¼zi de laixin]]; [6]. [[Wushan yun]]\n\n\n{{DEFAULTSORTKEY:Brief einer Unbekannten / Yige mosheng nÃ¼ren de laixin // Geschichte in der DÃ¤mmerung / Yese menglong}}\n\n[[Category:Fiction / Volumes (Chinese)]]\n[[Category:Fiction / Individual Stories (Chinese)]]\n{{DEFAULTSORTKEY:Brief einer Unbekannten / Yige mosheng nÃ¼ren de laixin // Geschichte in der DÃ¤mmerung / Yese menglong}}",utf-8,5
5110,,36688,"\'\'\'[2015]: Ã‰ditions Sarbacane, Paris\'\'\'\n\n\'\'Le Joueur d\'Ã©checs\'\'. A novella freely inspired by Stefan Zweig\'s \""Schachnovelle\"". Written and illustrated by Thomas Humeau. 124p. Hundreds of color illustrations\n\n\n\'\'\'German translation:\'\'\'\n\n\n\'\'\'[2016]: Knesebeck GmbH & Co. Verlag, MÃ¼nchen\'\'\'\n\n\'\'Die Schachnovelle nach Stefan Zweig\'\'. A graphic novel by Thomas Humeau adapted into German by Anja Kootz. 128p. Hundreds of color illustrations\n\n\n[[Category:Secondary Literature / Authors (French)]]\n[[Category:Secondary Literature / Authors (German)]]",utf-8,5
5373,,41136,"\""Guvernantka\"" [Die Gouvernante] in [[Piakuchaia taiamnitsa. Navely]] [Minsk, 1994], No. 4, pp. 129-146\n\n\n[[Category:Fiction / Individual Stories (Belorussian)]]",utf-8,5
4443,,31932,#REDIRECT [[CoraÃ§Ãµes inquietos]],utf-8,4
607,,57294,"\""Virata, or the Eyes of the Undying Brother\""  [Die Augen des ewigen Bruders] in:\n<lst type=bracket start=1>\n[[Jewish Legends]] [New York,1987], No. 5, pp. (173)-224\n[[Kaleidoscope Two]] [London/Toronto et al., 1951], No. 9, pp. 247-290\n</lst>\n\n[[Category:Fiction / Individual Stories (English)]]",utf-8,7
3707,,26972,"\""Schachnovelle\"" in \'\'Lexikon fÃ¼r Schachfreunde\'\' [Die Welt des Schachs von A bis Z in 1400 StichwÃ¶rtern und 400 Abbildungen]. Edited by Manfred van Fondern. Articles written by Otto Borik, Manfred van Fondern et al.  351 p. Illustrated. Luzern/Frankfurt am Main: Verlag C. J. Bucher, 1980, pp. 258-259\n\n\n\n[[Category:Secondary Literature / Authors (German)]]",utf-8,4
4678,,33340,"\n\'\'[2017]: Qanun NÉ™ÅŸriyyatÄ±, BakÄ± [Baku]\'\'\'\'\n\n\'\'Joseph FouchÃ©\'\' [Joseph FouchÃ©. Bildnis eines politischen Menschen]. Translator not indicated. ??p. [GÃ¶rkÉ™mli insanlarÄ±n hÉ™yatÄ± (The Life of Famous People)]\n\n\n\n[[Category:Historical Studies / Volumes (Azerbaijani)]]",utf-8,4
4493,,34089,"\'\'\'[1988]: France Regions 3 [FR3], CinÃ©ma 16, Paris\'\'\'\n\n\'\'La Ruelle au clair de lune\'\' [A color TV film based on Stefan Zweig\'s novella \""Die Mondscheingasse\""]. See: [[Stefan Zweig au cinÃ©ma - 4 DVD]]\n<lst type=bracket start=1>\nLanguage: French\nDirector: Ã‰douard Molinaro\nScript writers: Christine Miller and Ã‰douard Molinaro\nCast: Michel Piccoli, Niels Arestrup, Marthe Keller, RenÃ©e Faure et al.\nRuntime: 1 hour and 30 minutes\nReleased in France on 10 November 1988. Released as a DVD on 18 September 2007\n</lst>\n\n\n[[Category:Films / Plays / Operas]]\n{{DEFAULTSORTKEY:Ruelle au clair de lune}}",utf-8,4
5200,,37168,"\'\'\'[1942]: Farlag Yoysef Girshfeld [Yosef Girshfeld], Buenos Ayres [Buenos Aires]\'\'\'\n\n\'\'Di bagrobene menoyreh\'\'  [Der begrabene Leuchter]. Authorized translation by á¸¤ayim Braá¸³azsh [J. Brakarz]. 174p. A digitalized version was printed in 2012\n\n[[Category:Fiction / Volumes (Yiddish)]]\n[[Category:Fiction / Individual Stories (Yiddish)]]\n{{DEFAULTSORTKEY:Bagrobene menoyreh}}",utf-8,5
7440,,59290,"Chauhan, Vijaya and Shivadan Simha. \""Do shabd\"" [Foreword] in [[Buzdil]] [Delhi, 1954], pp. 5-10\n\n\n[[Category:Secondary Literature / Authors (Hindi)]]",utf-8,7
4882,,34725,"\'\'\'[2016]: Medienverlag Christian Kohfeldt, Friedrichsfehn\'\'\'\n\n\'\'Maria Stuart\'\'. An audio book produced by the Medienverlag Christian Kohfeldt, Friedrichsfehn\n<lst type=bracket start=1>\nLanguage: German\nRead by: Jan Koester\nRuntime: 16 hours and 35 minutes\nRelease date: 23 February 2016\n</lst>\n\n\'\'\'See\'\'\': [[Maria Stuart * Marie Antoinette. Bildnis eines mittleren Charakters]]\n\n\n[[Category:Dramatic Readings]]",utf-8,4
3377,,29590,"\'\'\'[1972]: \""SabÄÌ£ota AÄÌ£ara\"", Batumi\'\'\'\n\n\'\'Å½ozep PuÅ¡e. PÌ£oliá¹­iá¸³uri moÄŸvacÌ£is porá¹­reá¹­i\'\' [Joseph Fouche. Bildnis eines politischen Menschen]. Translated with an introduction and commentaries by á¸²arlo JÌŒorÇ°aneli. 261/(2)p.\n\n\n[[Category:Historical Studies / Volumes (Georgian)]]",utf-8,4
5078,,36797,"\'\'\'[1959]: Farlag Yidbukh, Buenos Ayres [Buenos Aires]\'\'\'\n\n\'\'Di á¹¿elá¹­ fun nekhá¹­n: zikhroynes fun an eyropeer\'\' [Die Welt von Gestern. Erinnerungen eines EuropÃ¤ers]. Translated by á¸¤ayim Braá¸³azsh [J. Brakarz]. 440/(4)p. Illustrated with a portrait [Yidbukh (Jews\' Book), 34] \n\n\n[[Category:Historical Studies / Volumes (Yiddish)]]\n{{DEFAULTSORTKEY:velá¹­ fun nekhá¹­n: zikhroynes fun an eyropeer}}",utf-8,5
3411,,24447,#REDIRECT [[Eikositesseris Åres apo tÄ“ zÅÄ“ mias gynaikas]],utf-8,4
7210,,55482,"\'\'\'[1].\'\'\' Baudouin, Charles. \'\'L\'Arche flottante\'\'. Paris: Ã‰ditions Carmel, 1919 [Cahiers du Carmel]\n\n\'\'\'See:\'\'\' \""La Vision du spiritual matin\"", pp. 68-70. Translated into German by Stefan Zweig: \""Die Vision des geistlichen Morgens\"" in \'\'Die Flut. Zeitschrift des schÃ¶pferischen Geistes\'\' [KÃ¶ln], No. 2 [June 1932], pp. 9-10\n\n\'\'\'[2].\'\'\' \""Prologue\"" in [[Souvenirs et rencontres]] [Paris, 1951 and 1997]: [1951], No. 1, p.  (7); [1997], No. 2, p. (11)\n\n\n[[Category:Secondary Literature / Authors (French)]]",utf-8,7
7486,,60965,#REDIRECT [[Brief einer Unbekannten (IS)]],utf-8,8
973,,37068,"\'\'\'[2002]: Beijing Daxue Chubanshe, Beijing\'\'\'\n\n\'\'Brennendes Geheimnis / Huoxiao huoliao de mimi // Die Hochzeit von Lyon / Liâ€™ang de hunli\'\'.  A bilingual edition: German/Chinese. Selected and edited with forewords and summaries of the two stories by Yi Zhang. Translated by Yushu Zhang. 6/197p. [Series: Deyu guojia wenxue mingbian zhongshy. Dehan duizhao / Famous Works of  Literature from German-speaking Countries. Bilingual Texts. Rights manager, Beijing University Press]\n\n\'\'\'Contents:\'\'\'\n<lst type=bracket start=1>\nChuban shuoming [Yi Zhang. Editorial comments concerning this series], p. 1\nZuozhe jieshao [Yi Zhang. Zweig and his works], pp. 2-4\nDao du [Yi Zhang. Summaries of the two stories], pp. 5-6\nBrennendes Geheimnis, pp. 1-93\nHuoxiao huoliao de mimi, pp. 94-170\nDie Hochzeit von Lyon, pp. 171-184\nLi\'ang de hunli, pp. 185-197 \n</lst>\n[[Category:Fiction / Volumes (Chinese)]]",utf-8,5
2205,,59890,"\'\'\'[1989]:   Ã‰ditions du FÃ©lin, Paris\'\'\'\n\n\'\'L\'avenir de la nostalgie. Une vie de Stefan Zweig\'\'.  207p. Reprinted: 206/(2)p. This edition contains 26 photographs, 1 on the cover and 25 on pp. (1)-(12).  Paris: Hermann  Ã‰diteurs, 2010\n\n\'\'\'Contents:\'\'\'\n<lst type=bracket start=1>\nChapitre I. Portrait dans un jardin viennois, pp. (13)-(32)\nChapitre II. Chemins de traverse, pp. (33)-(47)\nChapitre III. L\'amour, quand il vient, pp. (49)-(65)\nChapitre IV. Les fanfares de la dÃ©faite, pp. (67)-(90)\nChapitre V. La danse des mots, pp. (91)-(116)\nChapitre VI. Le dÃ©mon s\'amuse ...., pp. (117)-(140)\nChapitre VII. L\'arrachement, pp. (141)-(166)\nChapitre VIII. Incertitudes du coeur, pp. (167)-(182)\nChapitre IX. L\'avenir de la nostalgie, pp. (183)-(207)\n</lst>\n\n\'\'\'Translation:\'\'\'\n\n\'\'Nostalgias europeas. Una vida de Stefan Zweig\'\'. Translated by Herminia Dauer. Barcelona: Editorial Juventud, S. A.,  1995\n\n\n\'\'\'[2010]:  Hermann Ã‰diteurs, Paris\'\'\'\n\n\'\'Stefan Zweig. Un aristocrate juif au coeur de l\'Europe\'\'.  Published under the direction of Guillaume de Sardes. 141/(2)p. [Collection Savoir lettres]. The front cover contains a photograph of Stefan Zweig. On the inside of the cover there is a photograph of Jean-Jacques Lafaye\n\n\'\'\'Contents:\'\'\'\n<lst type=bracket start=1>\nOuverture, pp. 9-(14)\n\nAu coeur de l\'Europe (I), pp.15-31\n\nDans la nuit du siÃ¨cle  (II), pp. 33-(81)\n\nDe Petrovitz Ã  PetrÃ³polis (III), pp. 83-(105)\n\nL\'Ã©toile du judaÃ¯sme (IV), pp. 107-(121)\n\nAux portes d\'un nouvel humanisme(V) pp. 123-(137)\n\nRemerciements, sources et rÃ©fÃ©rences, pp. 139-141\n</lst>\n\n\n\'\'\'Article:\'\'\'\n\n\""Stefan Zweig Ã  Petroplis\"" in [[Austriaca. Cahiers universitaires d\'information sur l\'Autriche]] [UniversitÃ© de Rouen  - Haute Normandie],  17:34  [June 1992], No. 14, pp. (121)-125\n\n\n\n\n\n[[Category:Secondary Literature / Authors (French)]]",utf-8,7
6480,,47396,"\'\'\'Norwegian/Nynorsk\'\'\'\n\n\""Guvernanta\"" [Die Gouvernante] in [[Kvinne og landskapet]] [Oslo, 1931], No. 1, pp. (5)-29\n\n\n\n[[Category:Fiction / Individual Stories (Norwegian)]]",utf-8,6
7152,,53884,"\""L\'Histoire, cette poÃ©tesse\""   [Die Geschichte als Dichterin] in [[Derniers messages]] [Paris/NeuchÃ¢tel, 1949], No. 6, pp. (107)-128  [Collection Occident, 20]\n\n\'\'\'Reprinted in:\'\'\'\n<lst type=bracket start=1>\n[[Derniers messages]] [Paris, 2013], No. 7, pp. (129)-151\n</lst>\n\n\'\'\'See:\'\'\' [[Die Geschichte als Dichterin]]\n\n\n[[Category:Essays / Individual Essays (French)]]\n{{DEFAULTSORTKEY:Histoire, cette poÃ©tesse}}",utf-8,7
221,,39591,"\'\'\'[1940]: Editorial Claridad, Buenos Aires\'\'\'\n\n\n\'\'Prohombres del espÃ­ritu. Encuentros con escritores, artistas plasticos y musicos contemporaneos\'\' [Begegnungen mit Menschen, BÃ¼chern, StÃ¤dten]. Translated by Alfredo Cahn. 190/(1)p. [ColecciÃ³n Claridad - Vol. 65]\n\n\n\'\'\'Contents\'\'\'\n<lst type=bracket start=1>\nEmilio Verhaeren [Erinnerungen an Emile Verhaeren], pp. (5)-68\nDespedida  de Rilke. Discurso pronunciado el 20 de Febrero de 1927 en el Teatro del Estado de Munich [Abschied von Rilke. Eine Rede gehalten in MÃ¼nchner Staatstheater am 20. Februar 1927], pp. &nbsp;(69)-87\nAugusto Rodin [Auguste Rodin. Meudon, Maison Rodin 1913], pp. (89)-94\nRetrato de Arturo Toscanini [Arturo Toscanini. Ein Bildnis], pp. (95)-106\nRecordando a Theodor Herzl [Erinnerung an Theodor Herzl], pp. (107)-117\nAlocuciÃ³n en honor de MÃ¡ximo Gorki con motivo de cumplir este autor sesenta aÃ±os de vida 26 de marzo de 1928 [Rede zu Ehren Maxim Gorkis. Zum sechzigsten Geburtstag des Dichters 26. MÃ¤rz 1928], pp.&nbsp;(119)-131\nMensaje de felicitaciÃ³n a Hermann Bahr con motivo de su 60ÌŠ cumpleaÃ±os, 19 de junio de 1923 [Geburtstagsbrief an Hermann Bahr. Zum sechzigsten Geburtstag 19. Juni 1923], pp.&nbsp;(133)-137\nBusoni [Busoni], pp. (139)-140\nEl genio multiforme de Albert Schweitzer [UnvergeÃŸliches Erlebnis. Ein Tag bei Albert Schweitzer], pp. (141)-154\nBruno Walter: El arte de la consagraciÃ³n con motivo de su 60ÌŠ cumpleaÃ±os (15 de septiembre de 1936) [Bruno Walter: Kunst der Hingabe. Zu seinem sechzigsten Geburtstag 15. September 1936], pp. (155)-160\nFrancisco Masereel. El hombre y artista [Frans Masereel. Der Mann und Bildner], pp. (161)-173\nLa voz. In memoriam Josef Kainz [Die Stimme. In memoriam Josef Kainz], pp. (175)-185\nDespedida de John Drinkwater [Abschied von John Drinkwater], pp. 187-190\n</lst>\n\n[[Category:Essays / Volumes (Spanish)]]",utf-8,5
7451,,59432,"#REDIRECT [[Buloff, Joseph]]",utf-8,7
1082,,43354,"\""Ensite Lenan\"" [Ernest Renan] in:\n<lst type=bracket start=1>\n[[Ciweige sanwen xuan]] [Tianjin, 2002], No. 17, pp. 264-282 \n</lst>\n\n[[Category:Essays / Individual Essays (Chinese)]]",utf-8,5
753,,2529,"[Untergang eiens Herzens] in [[Syntribe]] [1], pp. 7-78\n\n\n[[Category:Fiction / Individual Stories (Greek)]]",utf-8,1
